atom_id,parent_entity,counterparty_or_anchor_tenant,site_or_region,capacity_mw_original,capacity_basis_original,pue_assumed,capacity_mw_it,capacity_mw_facility,scope,status,evidence_tier,realization_probability,source_url,source_publisher,source_date,last_checked,dedupe_group,dedupe_adjustment_mw,dedupe_direction,included_raw_horizon,included_non_stretch,included_conservative_T1_T2_T3,included_probability_weighted,notes,capacity_mw_it_low,capacity_mw_it_high,capacity_mw_facility_low,capacity_mw_facility_high,source_type,source_support,freshness_status,freshness_waiver_reason,analyst_inference_method,unknown_mw_reason,double_count_risk
epoch_microsoft_fairwater_wisconsin_operational,Microsoft,"OpenAI, Microsoft",Microsoft Fairwater Wisconsin,555.0,facility,1.16,478.448,555.0,western,operational,T1,1.0,https://epoch.ai/data/data-centers,Epoch AI Frontier Data Centers,2026-04-20,2026-04-22,epoch_site:Microsoft Fairwater Wisconsin,0.0,counted_once_as_epoch_site,True,True,True,True,Epoch current facility power for Microsoft Fairwater Wisconsin; project=Microsoft AI WAN #confident; country=United States.,478.448,478.448,555.0,555.0,dataset,primary_dataset,,,,,
epoch_microsoft_fairwater_wisconsin_buildout_remaining,Microsoft,"OpenAI, Microsoft",Microsoft Fairwater Wisconsin,2773.0,facility,1.16,2390.517,2773.0,western,announced,T2,0.88,https://epoch.ai/data/data-centers,Epoch AI Frontier Data Centers,2026-04-20,2026-04-22,epoch_site:Microsoft Fairwater Wisconsin,0.0,counted_once_as_epoch_site,True,True,True,True,Epoch remaining buildout to 3328.0 MW facility by 2027-10-03; project=Microsoft AI WAN #confident; country=United States.,2390.517,2390.517,2773.0,2773.0,dataset,primary_dataset,,,,,
epoch_openai_stargate_new_mexico_buildout_remaining,Oracle,OpenAI,OpenAI Stargate New Mexico,2210.0,facility,1.16,1905.172,2210.0,western,announced,T4,0.58,https://epoch.ai/data/data-centers,Epoch AI Frontier Data Centers,2026-04-20,2026-04-22,epoch_site:OpenAI Stargate New Mexico,0.0,counted_once_as_epoch_site,True,True,False,True,Epoch remaining buildout to 2210.0 MW facility by 2028-12-31; project=Stargate #confident; country=United States.,1905.172,1905.172,2210.0,2210.0,dataset,primary_dataset,,,,,
epoch_openai_stargate_shackelford_buildout_remaining,Oracle,OpenAI,OpenAI Stargate Shackelford,1960.0,facility,1.16,1689.655,1960.0,western,announced,T4,0.58,https://epoch.ai/data/data-centers,Epoch AI Frontier Data Centers,2026-04-20,2026-04-22,epoch_site:OpenAI Stargate Shackelford,0.0,counted_once_as_epoch_site,True,True,False,True,Epoch remaining buildout to 1960.0 MW facility by 2028-12-31; project=Stargate #confident; country=United States.,1689.655,1689.655,1960.0,1960.0,dataset,primary_dataset,,,,,
epoch_meta_hyperion_buildout_remaining,Meta,Meta,Meta Hyperion,2262.0,facility,1.16,1950.0,2262.0,western,announced,T4,0.58,https://epoch.ai/data/data-centers,Epoch AI Frontier Data Centers,2026-04-20,2026-04-22,epoch_site:Meta Hyperion,0.0,counted_once_as_epoch_site,True,True,False,True,Epoch remaining buildout to 2262.0 MW facility by 2028-01-01; project=Hyperion #confident; country=United States.,1950.0,1950.0,2262.0,2262.0,dataset,primary_dataset,,,,,
epoch_qts_cedar_rapids_buildout_remaining,(unspecified),(unspecified),QTS Cedar Rapids,1587.0,facility,1.16,1368.103,1587.0,western,announced,T2,0.88,https://epoch.ai/data/data-centers,Epoch AI Frontier Data Centers,2026-04-20,2026-04-22,epoch_site:QTS Cedar Rapids,0.0,counted_once_as_epoch_site,True,True,True,True,Epoch remaining buildout to 1587.0 MW facility by 2027-11-15; project=n/a; country=United States.,1368.103,1368.103,1587.0,1587.0,dataset,primary_dataset,,,,,
epoch_openai_stargate_michigan_buildout_remaining,Oracle,OpenAI,OpenAI Stargate Michigan,1383.0,facility,1.16,1192.241,1383.0,western,announced,T4,0.58,https://epoch.ai/data/data-centers,Epoch AI Frontier Data Centers,2026-04-20,2026-04-22,epoch_site:OpenAI Stargate Michigan,0.0,counted_once_as_epoch_site,True,True,False,True,Epoch remaining buildout to 1383.0 MW facility by 2028-12-31; project=Stargate #confident; country=United States.,1192.241,1192.241,1383.0,1383.0,dataset,primary_dataset,,,,,
epoch_openai_stargate_wisconsin_buildout_remaining,Oracle,OpenAI,OpenAI Stargate Wisconsin,1300.0,facility,1.16,1120.69,1300.0,western,announced,T4,0.58,https://epoch.ai/data/data-centers,Epoch AI Frontier Data Centers,2026-04-20,2026-04-22,epoch_site:OpenAI Stargate Wisconsin,0.0,counted_once_as_epoch_site,True,True,False,True,Epoch remaining buildout to 1300.0 MW facility by 2028-12-31; project=Stargate #confident; country=United States.,1120.69,1120.69,1300.0,1300.0,dataset,primary_dataset,,,,,
epoch_openai_stargate_milam_buildout_remaining,Softbank,OpenAI,OpenAI Stargate Milam,1200.0,facility,1.16,1034.483,1200.0,western,announced,T4,0.58,https://epoch.ai/data/data-centers,Epoch AI Frontier Data Centers,2026-04-20,2026-04-22,epoch_site:OpenAI Stargate Milam,0.0,counted_once_as_epoch_site,True,True,False,True,Epoch remaining buildout to 1200.0 MW facility by 2028-12-31; project=Stargate #confident; country=United States.,1034.483,1034.483,1200.0,1200.0,dataset,primary_dataset,,,,,
epoch_openai_stargate_uae_buildout_remaining,G42,OpenAI,OpenAI Stargate UAE,1400.0,facility,1.16,1206.897,1400.0,sovereign,announced,T4,0.58,https://epoch.ai/data/data-centers,Epoch AI Frontier Data Centers,2026-04-20,2026-04-22,epoch_site:OpenAI Stargate UAE,0.0,counted_once_as_epoch_site,False,False,False,False,Epoch remaining buildout to 1400.0 MW facility by 2028-01-01; project=Stargate #confident; country=United Arab Emirates.,1206.897,1206.897,1400.0,1400.0,dataset,primary_dataset,,,,,
epoch_goodnight_buildout_remaining,Google,Google DeepMind,Goodnight,1087.6,facility,1.16,937.586,1087.6,western,announced,T2,0.88,https://epoch.ai/data/data-centers,Epoch AI Frontier Data Centers,2026-04-20,2026-04-22,epoch_site:Goodnight,0.0,counted_once_as_epoch_site,True,True,True,True,Epoch remaining buildout to 1087.6 MW facility by 2027-10-01; project=n/a; country=United States.,937.586,937.586,1087.6,1087.6,dataset,primary_dataset,,,,,
epoch_crusoe_abilene_expansion_buildout_remaining,Microsoft,Microsoft,Crusoe Abilene Expansion,941.0,facility,1.16,811.207,941.0,western,announced,T2,0.88,https://epoch.ai/data/data-centers,Epoch AI Frontier Data Centers,2026-04-20,2026-04-22,epoch_site:Crusoe Abilene Expansion,0.0,counted_once_as_epoch_site,True,True,True,True,Epoch remaining buildout to 941.0 MW facility by 2027-11-11; project=n/a; country=United States.,811.207,811.207,941.0,941.0,dataset,primary_dataset,,,,,
epoch_xai_colossus_2_buildout_remaining,xAI,xAI,xAI Colossus 2,1494.0,facility,1.16,1287.931,1494.0,western,announced,T2,0.88,https://epoch.ai/data/data-centers,Epoch AI Frontier Data Centers,2026-04-20,2026-04-22,epoch_site:xAI Colossus 2,0.0,counted_once_as_epoch_site,True,True,True,True,Epoch remaining buildout to 1494.0 MW facility by 2026-05-13; project=n/a; country=United States.,1287.931,1287.931,1494.0,1494.0,dataset,primary_dataset,,,,,
epoch_google_cedar_rapids_operational,Google,Google DeepMind,Google Cedar Rapids,105.0,facility,1.16,90.517,105.0,western,operational,T1,1.0,https://epoch.ai/data/data-centers,Epoch AI Frontier Data Centers,2026-04-20,2026-04-22,epoch_site:Google Cedar Rapids,0.0,counted_once_as_epoch_site,True,True,True,True,Epoch current facility power for Google Cedar Rapids; project=n/a; country=United States.,90.517,90.517,105.0,105.0,dataset,primary_dataset,,,,,
epoch_google_cedar_rapids_buildout_remaining,Google,Google DeepMind,Google Cedar Rapids,522.0,facility,1.16,450.0,522.0,western,announced,T4,0.58,https://epoch.ai/data/data-centers,Epoch AI Frontier Data Centers,2026-04-20,2026-04-22,epoch_site:Google Cedar Rapids,0.0,counted_once_as_epoch_site,True,True,False,True,Epoch remaining buildout to 627.0 MW facility by 2028-11-18; project=n/a; country=United States.,450.0,450.0,522.0,522.0,dataset,primary_dataset,,,,,
epoch_meta_prometheus_operational,Meta,Meta,Meta Prometheus,531.0,facility,1.16,457.759,531.0,western,operational,T1,1.0,https://epoch.ai/data/data-centers,Epoch AI Frontier Data Centers,2026-04-20,2026-04-22,epoch_site:Meta Prometheus,0.0,counted_once_as_epoch_site,True,True,True,True,Epoch current facility power for Meta Prometheus; project=Prometheus #confident; country=United States.,457.759,457.759,531.0,531.0,dataset,primary_dataset,,,,,
epoch_meta_prometheus_buildout_remaining,Meta,Meta,Meta Prometheus,579.0,facility,1.16,499.138,579.0,western,announced,T2,0.88,https://epoch.ai/data/data-centers,Epoch AI Frontier Data Centers,2026-04-20,2026-04-22,epoch_site:Meta Prometheus,0.0,counted_once_as_epoch_site,True,True,True,True,Epoch remaining buildout to 1110.0 MW facility by 2026-10-01; project=Prometheus #confident; country=United States.,499.138,499.138,579.0,579.0,dataset,primary_dataset,,,,,
epoch_openai_stargate_abilene_operational,Oracle,OpenAI,OpenAI Stargate Abilene,200.0,facility,1.16,172.414,200.0,western,operational,T1,1.0,https://epoch.ai/data/data-centers,Epoch AI Frontier Data Centers,2026-04-20,2026-04-22,epoch_site:OpenAI Stargate Abilene,0.0,counted_once_as_epoch_site,True,True,True,True,Epoch current facility power for OpenAI Stargate Abilene; project=Stargate #confident; country=United States.,172.414,172.414,200.0,200.0,dataset,primary_dataset,,,,,
epoch_openai_stargate_abilene_buildout_remaining,Oracle,OpenAI,OpenAI Stargate Abilene,980.0,facility,1.16,844.828,980.0,western,announced,T2,0.88,https://epoch.ai/data/data-centers,Epoch AI Frontier Data Centers,2026-04-20,2026-04-22,epoch_site:OpenAI Stargate Abilene,0.0,counted_once_as_epoch_site,True,True,True,True,Epoch remaining buildout to 1180.0 MW facility by 2026-07-01; project=Stargate #confident; country=United States.,844.828,844.828,980.0,980.0,dataset,primary_dataset,,,,,
epoch_anthropic_amazon_new_carlisle_operational,Amazon,Anthropic,Anthropic-Amazon New Carlisle,1092.0,facility,1.16,941.379,1092.0,western,operational,T1,1.0,https://epoch.ai/data/data-centers,Epoch AI Frontier Data Centers,2026-04-20,2026-04-22,epoch_site:Anthropic-Amazon New Carlisle,0.0,counted_once_as_epoch_site,True,True,True,True,Epoch current facility power for Anthropic-Amazon New Carlisle; project=Project Rainier #confident; country=United States.,941.379,941.379,1092.0,1092.0,dataset,primary_dataset,,,,,
epoch_anthropic_amazon_new_carlisle_buildout_remaining,Amazon,Anthropic,Anthropic-Amazon New Carlisle,137.0,facility,1.16,118.103,137.0,western,announced,T2,0.88,https://epoch.ai/data/data-centers,Epoch AI Frontier Data Centers,2026-04-20,2026-04-22,epoch_site:Anthropic-Amazon New Carlisle,0.0,counted_once_as_epoch_site,True,True,True,True,Epoch remaining buildout to 1229.0 MW facility by 2026-06-21; project=Project Rainier #confident; country=United States.,118.103,118.103,137.0,137.0,dataset,primary_dataset,,,,,
epoch_microsoft_fairwater_atlanta_operational,Microsoft,OpenAI,Microsoft Fairwater Atlanta,433.0,facility,1.16,373.276,433.0,western,operational,T1,1.0,https://epoch.ai/data/data-centers,Epoch AI Frontier Data Centers,2026-04-20,2026-04-22,epoch_site:Microsoft Fairwater Atlanta,0.0,counted_once_as_epoch_site,True,True,True,True,Epoch current facility power for Microsoft Fairwater Atlanta; project=Microsoft AI WAN #confident; country=United States.,373.276,373.276,433.0,433.0,dataset,primary_dataset,,,,,
epoch_microsoft_fairwater_atlanta_buildout_remaining,Microsoft,OpenAI,Microsoft Fairwater Atlanta,426.0,facility,1.16,367.241,426.0,western,announced,T2,0.88,https://epoch.ai/data/data-centers,Epoch AI Frontier Data Centers,2026-04-20,2026-04-22,epoch_site:Microsoft Fairwater Atlanta,0.0,counted_once_as_epoch_site,True,True,True,True,Epoch remaining buildout to 859.0 MW facility by 2026-05-14; project=Microsoft AI WAN #confident; country=United States.,367.241,367.241,426.0,426.0,dataset,primary_dataset,,,,,
epoch_coreweave_helios_buildout_remaining,Coreweave,Microsoft,Coreweave Helios,800.0,facility,1.16,689.655,800.0,western,speculative,T5,0.32,https://epoch.ai/data/data-centers,Epoch AI Frontier Data Centers,2026-04-20,2026-04-22,epoch_site:Coreweave Helios,0.0,counted_once_as_epoch_site,True,False,False,True,Epoch remaining buildout to 800.0 MW facility by 2029-01-01; project=n/a; country=United States.,689.655,689.655,800.0,800.0,dataset,primary_dataset,,,,,
epoch_amazon_ridgeland_buildout_remaining,Amazon,Anthropic,Amazon Ridgeland,1008.0,facility,1.16,868.966,1008.0,western,speculative,T5,0.32,https://epoch.ai/data/data-centers,Epoch AI Frontier Data Centers,2026-04-20,2026-04-22,epoch_site:Amazon Ridgeland,0.0,counted_once_as_epoch_site,True,False,False,True,Epoch remaining buildout to 1008.0 MW facility by 2027-09-21; project=Project Rainier #speculative; country=United States.,868.966,868.966,1008.0,1008.0,dataset,primary_dataset,,,,,
epoch_qts_richmond_operational,(unspecified),(unspecified),QTS Richmond,854.0,facility,1.16,736.207,854.0,western,operational,T1,1.0,https://epoch.ai/data/data-centers,Epoch AI Frontier Data Centers,2026-04-20,2026-04-22,epoch_site:QTS Richmond,0.0,counted_once_as_epoch_site,True,True,True,True,Epoch current facility power for QTS Richmond; project=n/a; country=United States.,736.207,736.207,854.0,854.0,dataset,primary_dataset,,,,,
epoch_qts_richmond_buildout_remaining,(unspecified),(unspecified),QTS Richmond,67.0,facility,1.16,57.759,67.0,western,announced,T2,0.88,https://epoch.ai/data/data-centers,Epoch AI Frontier Data Centers,2026-04-20,2026-04-22,epoch_site:QTS Richmond,0.0,counted_once_as_epoch_site,True,True,True,True,Epoch remaining buildout to 921.0 MW facility by 2026-06-15; project=n/a; country=United States.,57.759,57.759,67.0,67.0,dataset,primary_dataset,,,,,
epoch_amazon_madison_mega_site_operational,Amazon,Anthropic,Amazon Madison Mega Site,341.0,facility,1.16,293.966,341.0,western,operational,T1,1.0,https://epoch.ai/data/data-centers,Epoch AI Frontier Data Centers,2026-04-20,2026-04-22,epoch_site:Amazon Madison Mega Site,0.0,counted_once_as_epoch_site,True,True,True,True,Epoch current facility power for Amazon Madison Mega Site; project=Project Rainier #speculative; country=United States.,293.966,293.966,341.0,341.0,dataset,primary_dataset,,,,,
epoch_amazon_madison_mega_site_buildout_remaining,Amazon,Anthropic,Amazon Madison Mega Site,478.0,facility,1.16,412.069,478.0,western,speculative,T5,0.32,https://epoch.ai/data/data-centers,Epoch AI Frontier Data Centers,2026-04-20,2026-04-22,epoch_site:Amazon Madison Mega Site,0.0,counted_once_as_epoch_site,True,False,False,True,Epoch remaining buildout to 819.0 MW facility by 2026-09-18; project=Project Rainier #speculative; country=United States.,412.069,412.069,478.0,478.0,dataset,primary_dataset,,,,,
epoch_fluidstack_lake_mariner_operational,Fluidstack,"Anthropic, G42",Fluidstack Lake Mariner,68.0,facility,1.16,58.621,68.0,western,operational,T1,1.0,https://epoch.ai/data/data-centers,Epoch AI Frontier Data Centers,2026-04-20,2026-04-22,epoch_site:Fluidstack Lake Mariner,0.0,counted_once_as_epoch_site,True,True,True,True,Epoch current facility power for Fluidstack Lake Mariner; project=n/a; country=United States.,58.621,58.621,68.0,68.0,dataset,primary_dataset,,,,,
epoch_fluidstack_lake_mariner_buildout_remaining,Fluidstack,"Anthropic, G42",Fluidstack Lake Mariner,441.0,facility,1.16,380.172,441.0,western,announced,T2,0.88,https://epoch.ai/data/data-centers,Epoch AI Frontier Data Centers,2026-04-20,2026-04-22,epoch_site:Fluidstack Lake Mariner,0.0,counted_once_as_epoch_site,True,True,True,True,Epoch remaining buildout to 509.0 MW facility by 2027-03-31; project=n/a; country=United States.,380.172,380.172,441.0,441.0,dataset,primary_dataset,,,,,
epoch_google_new_albany_operational,Google,Google DeepMind,Google New Albany,407.0,facility,1.16,350.862,407.0,western,operational,T1,1.0,https://epoch.ai/data/data-centers,Epoch AI Frontier Data Centers,2026-04-20,2026-04-22,epoch_site:Google New Albany,0.0,counted_once_as_epoch_site,True,True,True,True,Epoch current facility power for Google New Albany; project=n/a; country=United States.,350.862,350.862,407.0,407.0,dataset,primary_dataset,,,,,
epoch_google_new_albany_buildout_remaining,Google,Google DeepMind,Google New Albany,136.0,facility,1.16,117.241,136.0,western,announced,T2,0.88,https://epoch.ai/data/data-centers,Epoch AI Frontier Data Centers,2026-04-20,2026-04-22,epoch_site:Google New Albany,0.0,counted_once_as_epoch_site,True,True,True,True,Epoch remaining buildout to 543.0 MW facility by 2026-12-18; project=n/a; country=United States.,117.241,117.241,136.0,136.0,dataset,primary_dataset,,,,,
epoch_google_omaha_operational,Google,Google DeepMind,Google Omaha,189.0,facility,1.16,162.931,189.0,western,operational,T1,1.0,https://epoch.ai/data/data-centers,Epoch AI Frontier Data Centers,2026-04-20,2026-04-22,epoch_site:Google Omaha,0.0,counted_once_as_epoch_site,True,True,True,True,Epoch current facility power for Google Omaha; project=n/a; country=United States.,162.931,162.931,189.0,189.0,dataset,primary_dataset,,,,,
epoch_google_omaha_buildout_remaining,Google,Google DeepMind,Google Omaha,285.0,facility,1.16,245.69,285.0,western,announced,T2,0.88,https://epoch.ai/data/data-centers,Epoch AI Frontier Data Centers,2026-04-20,2026-04-22,epoch_site:Google Omaha,0.0,counted_once_as_epoch_site,True,True,True,True,Epoch remaining buildout to 474.0 MW facility by 2027-07-26; project=n/a; country=United States.,245.69,245.69,285.0,285.0,dataset,primary_dataset,,,,,
epoch_google_pryor_north_operational,Google,Google DeepMind,Google Pryor (North),65.0,facility,1.16,56.034,65.0,western,operational,T1,1.0,https://epoch.ai/data/data-centers,Epoch AI Frontier Data Centers,2026-04-20,2026-04-22,epoch_site:Google Pryor (North),0.0,counted_once_as_epoch_site,True,True,True,True,Epoch current facility power for Google Pryor (North); project=n/a; country=United States.,56.034,56.034,65.0,65.0,dataset,primary_dataset,,,,,
epoch_google_pryor_north_buildout_remaining,Google,Google DeepMind,Google Pryor (North),389.0,facility,1.16,335.345,389.0,western,announced,T2,0.88,https://epoch.ai/data/data-centers,Epoch AI Frontier Data Centers,2026-04-20,2026-04-22,epoch_site:Google Pryor (North),0.0,counted_once_as_epoch_site,True,True,True,True,Epoch remaining buildout to 454.0 MW facility by 2026-05-17; project=n/a; country=United States.,335.345,335.345,389.0,389.0,dataset,primary_dataset,,,,,
epoch_xai_colossus_1_operational,xAI,xAI,xAI Colossus 1,425.0,facility,1.16,366.379,425.0,western,operational,T1,1.0,https://epoch.ai/data/data-centers,Epoch AI Frontier Data Centers,2026-04-20,2026-04-22,epoch_site:xAI Colossus 1,0.0,counted_once_as_epoch_site,True,True,True,True,Epoch current facility power for xAI Colossus 1; project=n/a; country=United States.,366.379,366.379,425.0,425.0,dataset,primary_dataset,,,,,
epoch_xai_colossus_1_buildout_remaining,xAI,xAI,xAI Colossus 1,17.0,facility,1.16,14.655,17.0,western,announced,T2,0.88,https://epoch.ai/data/data-centers,Epoch AI Frontier Data Centers,2026-04-20,2026-04-22,epoch_site:xAI Colossus 1,0.0,counted_once_as_epoch_site,True,True,True,True,Epoch remaining buildout to 442.0 MW facility by 2026-02-11; project=n/a; country=United States.,14.655,14.655,17.0,17.0,dataset,primary_dataset,,,,,
epoch_stack_infrastructure_nva02_operational,(unspecified),(unspecified),STACK Infrastructure NVA02,118.0,facility,1.16,101.724,118.0,western,operational,T1,1.0,https://epoch.ai/data/data-centers,Epoch AI Frontier Data Centers,2026-04-20,2026-04-22,epoch_site:STACK Infrastructure NVA02,0.0,counted_once_as_epoch_site,True,True,True,True,Epoch current facility power for STACK Infrastructure NVA02; project=n/a; country=United States.,101.724,101.724,118.0,118.0,dataset,primary_dataset,,,,,
epoch_stack_infrastructure_nva02_buildout_remaining,(unspecified),(unspecified),STACK Infrastructure NVA02,369.0,facility,1.16,318.103,369.0,western,announced,T4,0.58,https://epoch.ai/data/data-centers,Epoch AI Frontier Data Centers,2026-04-20,2026-04-22,epoch_site:STACK Infrastructure NVA02,0.0,counted_once_as_epoch_site,True,True,False,True,Epoch remaining buildout to 487.0 MW facility by 2028-01-01; project=n/a; country=United States.,318.103,318.103,369.0,369.0,dataset,primary_dataset,,,,,
epoch_meta_temple_operational,Meta,Meta,Meta Temple,198.0,facility,1.16,170.69,198.0,western,operational,T1,1.0,https://epoch.ai/data/data-centers,Epoch AI Frontier Data Centers,2026-04-20,2026-04-22,epoch_site:Meta Temple,0.0,counted_once_as_epoch_site,True,True,True,True,Epoch current facility power for Meta Temple; project=n/a; country=United States.,170.69,170.69,198.0,198.0,dataset,primary_dataset,,,,,
epoch_meta_temple_buildout_remaining,Meta,Meta,Meta Temple,40.0,facility,1.16,34.483,40.0,western,announced,T2,0.88,https://epoch.ai/data/data-centers,Epoch AI Frontier Data Centers,2026-04-20,2026-04-22,epoch_site:Meta Temple,0.0,counted_once_as_epoch_site,True,True,True,True,Epoch remaining buildout to 238.0 MW facility by 2026-09-30; project=n/a; country=United States.,34.483,34.483,40.0,40.0,dataset,primary_dataset,,,,,
epoch_microsoft_goodyear_operational,Microsoft,OpenAI,Microsoft Goodyear,263.0,facility,1.16,226.724,263.0,western,operational,T1,1.0,https://epoch.ai/data/data-centers,Epoch AI Frontier Data Centers,2026-04-20,2026-04-22,epoch_site:Microsoft Goodyear,0.0,counted_once_as_epoch_site,True,True,True,True,Epoch current facility power for Microsoft Goodyear; project=n/a; country=United States.,226.724,226.724,263.0,263.0,dataset,primary_dataset,,,,,
epoch_google_council_bluffs_east_operational,Google,Google DeepMind,Google Council Bluffs (East),190.0,facility,1.16,163.793,190.0,western,operational,T1,1.0,https://epoch.ai/data/data-centers,Epoch AI Frontier Data Centers,2026-04-20,2026-04-22,epoch_site:Google Council Bluffs (East),0.0,counted_once_as_epoch_site,True,True,True,True,Epoch current facility power for Google Council Bluffs (East); project=n/a; country=United States.,163.793,163.793,190.0,190.0,dataset,primary_dataset,,,,,
epoch_google_council_bluffs_east_buildout_remaining,Google,Google DeepMind,Google Council Bluffs (East),94.0,facility,1.16,81.034,94.0,western,announced,T2,0.88,https://epoch.ai/data/data-centers,Epoch AI Frontier Data Centers,2026-04-20,2026-04-22,epoch_site:Google Council Bluffs (East),0.0,counted_once_as_epoch_site,True,True,True,True,Epoch remaining buildout to 284.0 MW facility by 2026-06-10; project=n/a; country=United States.,81.034,81.034,94.0,94.0,dataset,primary_dataset,,,,,
epoch_stream_phoenix_buildout_remaining,(unspecified),(unspecified),Stream Phoenix,267.0,facility,1.16,230.172,267.0,western,speculative,T5,0.32,https://epoch.ai/data/data-centers,Epoch AI Frontier Data Centers,2026-04-20,2026-04-22,epoch_site:Stream Phoenix,0.0,counted_once_as_epoch_site,True,False,False,True,Epoch remaining buildout to 267.0 MW facility by 2030-01-01; project=n/a; country=United States.,230.172,230.172,267.0,267.0,dataset,primary_dataset,,,,,
epoch_vantage_tx1_operational,(unspecified),(unspecified),Vantage TX1,44.8,facility,1.16,38.621,44.8,western,operational,T1,1.0,https://epoch.ai/data/data-centers,Epoch AI Frontier Data Centers,2026-04-20,2026-04-22,epoch_site:Vantage TX1,0.0,counted_once_as_epoch_site,True,True,True,True,Epoch current facility power for Vantage TX1; project=n/a; country=United States.,38.621,38.621,44.8,44.8,dataset,primary_dataset,,,,,
epoch_vantage_tx1_buildout_remaining,(unspecified),(unspecified),Vantage TX1,134.4,facility,1.16,115.862,134.4,western,announced,T2,0.88,https://epoch.ai/data/data-centers,Epoch AI Frontier Data Centers,2026-04-20,2026-04-22,epoch_site:Vantage TX1,0.0,counted_once_as_epoch_site,True,True,True,True,Epoch remaining buildout to 179.2 MW facility by 2027-08-31; project=n/a; country=United States.,115.862,115.862,134.4,134.4,dataset,primary_dataset,,,,,
epoch_alibaba_zhangbei_operational,Alibaba,Alibaba,Alibaba Zhangbei,203.0,facility,1.16,175.0,203.0,excluded,operational,T1,1.0,https://epoch.ai/data/data-centers,Epoch AI Frontier Data Centers,2026-04-20,2026-04-22,epoch_site:Alibaba Zhangbei,0.0,counted_once_as_epoch_site,False,False,False,False,Epoch current facility power for Alibaba Zhangbei; project=n/a; country=China.,175.0,175.0,203.0,203.0,dataset,primary_dataset,,,,,
anthropic_aws_incremental_new_capacity,Amazon,Anthropic,Project Rainier residual / unidentified AWS sites,3170,IT,1.2,3170,3800,western,announced,T4,0.72,https://www.anthropic.com/news/anthropic-amazon-compute,Anthropic,2026-04-20,2026-04-22,anthropic_aws_rainier,0.0,none,True,True,False,True,5 GW announced less Epoch Madison/Ridgeland overlap; residual carried as Western incremental facility capacity.,2500,5000,3000,6000,primary_announcement,primary_company,current_verified,,,,
anthropic_azure_incremental_capacity,Microsoft Azure,Anthropic,Azure sites not disclosed,1000,IT,1.18,1000,1180,western,announced,T5,0.3,https://blogs.microsoft.com/blog/2025/11/18/microsoft-nvidia-and-anthropic-announce-strategic-partnerships/,Microsoft,2025-11-18,2026-04-22,anthropic_azure_incremental_capacity,0.0,none,True,False,False,True,"1 GW Azure compute commitment; no sites named, so range floors at zero.",0,1000,0,1180,primary_announcement,primary_company,current_verified,,,,
openai_microsoft_fairwater_international,Microsoft,OpenAI / Microsoft,Fairwater Narvik and Loughton,700,IT,1.15,700,805,western,announced,T2,0.82,https://blogs.microsoft.com/blog/2025/09/18/inside-the-worlds-most-powerful-ai-datacenter/,Microsoft,2025-09-18,2026-04-22,fairwater_international,0.0,none,True,True,True,True,International Fairwater sites named; MW estimated from disclosed site-scale range and nScale/Microsoft partnership.,400,1500,460,1725,primary_announcement,primary_company,current_verified,,Midpoint of Narvik + Loughton announced site-scale ranges; primary source does not disclose MW.,,
meta_hyperion_stretch_incremental,Meta,Meta,Hyperion stretch beyond Epoch evidenced 2.26 GW,2740,IT,1.1,2740,3014,western,speculative,T5,0.28,file:///Users/isaacentebi/Desktop/stack-intelligence-engine/.claude/worktrees/upbeat-keller/fmp_data/companies_toon/META/transcripts/Q2_FY2025.toon,Meta,2025-07-30,2026-04-24,meta_hyperion_stretch_incremental,0.0,none,True,False,False,True,CEO 5 GW Hyperion stretch less Epoch Hyperion evidenced buildout; firm 2 GW floor is already in Epoch.,0,2740,0,3014,earnings_call,local_cached_primary,current_verified,,,,
xai_colossus2_residual,xAI,xAI,Memphis Colossus 2 residual,60,IT,1.3,60,78,western,inferred,T6,0.25,https://www.tomshardware.com/tech-industry/artificial-intelligence/musk-purchases-third-building-at-memphis-site-to-expand-xais-training-capacity-to-a-monstrous-2-gigawatts,Tom's Hardware,2025-12-30,2026-04-22,xai_colossus2_residual,0.0,none,True,True,False,True,Residual between Musk 2 GW claim and Epoch Colossus buildout; nearly all capacity already in Epoch.,0,200,0,260,secondary_media,secondary_only,current_verified,,Residual MW after subtracting Epoch Colossus 1+2 buildout from the 2 GW claim.,,
anthropic_fluidstack_undisclosed_mw,Fluidstack,Anthropic,Texas and New York unspecified Fluidstack sites,,unknown,1.25,,,western,contracted,T5,0.4,https://www.anthropic.com/news/anthropic-invests-50-billion-in-american-ai-infrastructure,Anthropic,2025-11-12,2026-04-22,anthropic_fluidstack_undisclosed_mw,0.0,none,False,False,False,False,Anthropic/Fluidstack primary discloses $50B and sites but no MW; no MW assigned and excluded from totals.,,,,,primary_announcement,primary_company,current_verified,,,No direct MW disclosure; dollar-only conversion intentionally not used.,
coreweave_operational_disclosed,CoreWeave,multiple,CoreWeave 43-DC fleet operational disclosed,850,facility,1.25,680,850,western,operational,T1,1.0,https://www.sec.gov/Archives/edgar/data/1839341/000162828026013305/core-20251231.htm,CoreWeave / SEC,2026-02-27,2026-04-25,coreweave_operational_disclosed,0.0,none,True,True,True,True,"Operational fleet capacity disclosed by public company; counted once under CoreWeave, not Applied Digital.",680,680,850,850,sec_or_public_company,primary_company,current_verified,,,,
coreweave_contracted_ex_epoch,CoreWeave,Microsoft / OpenAI / Meta / IBM,CoreWeave contracted fleet ex Epoch Helios,2300,facility,1.25,1840,2300,western,contracted,T3,0.82,https://www.sec.gov/Archives/edgar/data/1839341/000162828026013305/core-20251231.htm,CoreWeave / SEC,2026-02-27,2026-04-25,coreweave_contracted_ex_epoch,0.0,none,True,True,True,True,3.1 GW contracted less 0.8 GW Helios already counted in Epoch; T3 due RPO/backlog and named IG customers.,1840,1840,2300,2300,sec_or_public_company,primary_company,current_verified,,,,
coreweave_epoch_overlap_helios,CoreWeave,Microsoft,CoreWeave Helios,800,facility,1.25,640,800,western,excluded,excluded,0.0,https://www.sec.gov/Archives/edgar/data/1839341/000162828026013305/core-20251231.htm,Epoch AI / CoreWeave,2026-02-27,2026-04-25,epoch_site:Coreweave Helios,-800,exclude_neocloud_duplicate_counted_in_epoch,False,False,False,False,Overlap atom: Helios is already counted as an Epoch site and removed from CoreWeave contracted ex-Epoch capacity.,640,640,800,800,dataset,primary_dataset,current_verified,,,,Epoch/CoreWeave overlap
coreweave_applied_digital_pf1_overlap_adjustment,Applied Digital / CoreWeave,CoreWeave,Polaris Forge 1 leaseback overlap,400,facility,1.3,307.692,400,western,excluded,excluded,0.0,https://ir.applieddigital.com/news-events/press-releases/detail/128/applied-digital-finalizes-additional-150mw-lease-with,Applied Digital,2026-04-01,2026-04-22,applied_digital_pf1_coreweave,-400,attribute_to_coreweave_end_user,False,False,False,False,PF1 is Applied Digital real estate leased to CoreWeave; counted under CoreWeave fleet and excluded from Applied Digital incremental capacity.,307.692,307.692,400,400,primary_announcement,primary_company,current_verified,,,,Applied Digital/CoreWeave leaseback
nebius_operational_disclosed,Nebius,multiple,Nebius operational fleet,170,facility,1.2,141.667,170,western,operational,T1,1.0,https://nebius.com/newsroom/nebius-signs-new-ai-infrastructure-agreement-with-meta,Nebius,2026-03-16,2026-04-25,nebius_operational_disclosed,0.0,none,True,True,True,True,Operational capacity disclosed in Nebius public materials.,141.667,141.667,170,170,public_company,primary_company,current_verified,,,,
nebius_meta_microsoft_contract_capacity,Nebius,Microsoft / Meta,Nebius contracted fleet,2000,facility,1.2,1666.667,2000,western,contracted,T3,0.78,https://nebius.com/newsroom/nebius-signs-new-ai-infrastructure-agreement-with-meta,Nebius,2026-03-16,2026-04-25,nebius_meta_microsoft_contract_capacity,0.0,none,True,True,True,True,Contracted backlog with Microsoft and Meta; T3 because named IG counterparties and revenue contract evidence exist.,1666.667,1666.667,2000,2000,public_company,primary_company,current_verified,,,,
nscale_operational_seed_capacity,Nscale,merchant,North Carolina seed site,20,facility,1.2,16.667,20,western,operational,T1,1.0,https://siliconangle.com/2025/10/15/nscale-inks-200000-gpu-data-center-contract-microsoft/,SiliconANGLE,2025-10-15,2026-04-25,nscale_operational_seed_capacity,0.0,none,True,True,True,True,First US site online; retained but secondary-source flagged.,16.667,16.667,20,20,secondary_media,secondary_only,waived_secondary_source_flagged,No newer primary MW disclosure found as of 2026-04-25; retained secondary source and flagged as private-company / secondary-source row.,,,
nscale_microsoft_contract_capacity,Nscale,Microsoft / Google,"Barstow, Ward County, West London and other ex-Fairwater sites",900,facility,1.2,750,900,western,contracted,T4,0.6,https://siliconangle.com/2025/10/15/nscale-inks-200000-gpu-data-center-contract-microsoft/,SiliconANGLE,2025-10-15,2026-04-25,nscale_microsoft_contract_capacity,0.0,none,True,True,False,True,Private-company contracted capacity after subtracting Fairwater Narvik/Loughton overlap; T4 because no public RPO/take-or-pay disclosure and source is secondary.,750,750,900,900,secondary_media,secondary_only,waived_secondary_source_flagged,No newer primary MW disclosure found as of 2026-04-25; retained secondary source and flagged as private-company / secondary-source row.,,,
nscale_fairwater_overlap_adjustment,Nscale / Microsoft,Microsoft,Fairwater Narvik and Loughton overlap,600,facility,1.2,500,600,western,excluded,excluded,0.0,https://siliconangle.com/2025/10/15/nscale-inks-200000-gpu-data-center-contract-microsoft/,Microsoft / Nscale secondary coverage,2025-10-15,2026-04-25,fairwater_international,-600,attribute_to_openai_microsoft_fairwater,False,False,False,False,Nscale Narvik/Loughton capacity is attributed to the Fairwater atom; excluded here to avoid double-count.,500,500,600,600,secondary_media,secondary_only,waived_secondary_source_flagged,No newer primary MW disclosure found as of 2026-04-25; retained secondary source and flagged as private-company / secondary-source row.,,,Nscale/Fairwater overlap
crusoe_norway_iceland_operational,Crusoe,merchant,Norway and Iceland operational sites,200,facility,1.25,160,200,western,operational,T1,1.0,https://www.crusoe.ai/resources/newsroom/crusoe-announces-new-900-mw-ai-factory-campus-in-abilene-texas-to-support-microsoft-ai-infrastructure,Crusoe,2026-04-24,2026-04-25,crusoe_norway_iceland_operational,0.0,none,True,True,True,True,Operational ex-Epoch Crusoe capacity in Norway/Iceland and Abilene phase context.,160,160,200,200,primary_announcement,primary_company,current_verified,,,,
crusoe_abilene_epoch_overlap,Crusoe / Oracle / Microsoft,OpenAI / Microsoft,Abilene Stargate and Microsoft expansion overlap,2120,facility,1.25,1696,2120,western,excluded,excluded,0.0,https://www.crusoe.ai/resources/newsroom/crusoe-announces-new-900-mw-ai-factory-campus-in-abilene-texas-to-support-microsoft-ai-infrastructure,Epoch AI / Crusoe,2026-04-24,2026-04-25,crusoe_abilene_epoch_overlap,-2120,exclude_neocloud_duplicate_counted_in_epoch,False,False,False,False,Abilene Phase 1+2 and Microsoft Abilene expansion are already counted in Epoch; excluded from Crusoe incremental neocloud capacity.,1696,1696,2120,2120,dataset,primary_dataset,current_verified,,,,Crusoe Abilene/Epoch overlap
crusoe_cheyenne_or_other_future_capacity,Crusoe,Tallgrass / merchant,Cheyenne and residual ex-Epoch contracted capacity,1980,facility,1.25,1584,1980,western,contracted,T3,0.7,https://www.crusoe.ai/resources/newsroom/crusoe-announces-new-900-mw-ai-factory-campus-in-abilene-texas-to-support-microsoft-ai-infrastructure,Crusoe / DCD,2026-04-24,2026-04-25,crusoe_cheyenne_or_other_future_capacity,0.0,none,True,True,True,True,4.1 GW contracted less Epoch Abilene overlaps; mostly Cheyenne 1.8 GW with permit and anchor evidence.,1584,1584,1980,1980,primary_plus_secondary,primary_company,current_verified,,,,
lambda_operational,Lambda,merchant,Lambda operational fleet,50,facility,1.25,40,50,western,operational,T1,1.0,https://lambda.ai/blog/lambda-raises-over-1.5b-from-twg-global-usit-to-build-superintelligence-cloud-infrastructure,Lambda,2025-11-18,2026-04-25,lambda_operational,0.0,none,True,True,True,True,Operational estimate retained from neocloud overlay; official financing refreshed but MW disclosure remains limited.,40,40,50,50,primary_announcement,primary_company,waived_current_best_available,Official financing disclosure refreshed on 2026-04-25; no newer primary MW disclosure found as of 2026-04-25.,,,
lambda_microsoft_contract,Lambda,Microsoft / NVIDIA,"Lambda leased, signed, committed capacity",320,facility,1.25,256,320,western,contracted,T4,0.58,https://lambda.ai/blog/lambda-raises-over-1.5b-from-twg-global-usit-to-build-superintelligence-cloud-infrastructure,Lambda / DCD,2025-11-18,2026-04-25,lambda_microsoft_contract,0.0,none,True,True,False,True,Private pre-IPO capacity with Microsoft/NVIDIA anchors; T4 because no public RPO/take-or-pay capacity disclosure.,256,256,320,320,primary_plus_secondary,primary_company,waived_current_best_available,Official financing disclosure refreshed on 2026-04-25; no newer primary MW disclosure found as of 2026-04-25.,,,
applied_digital_pf2_leased_capacity,Applied Digital,undisclosed hyperscaler,Polaris Forge 2,200,facility,1.3,153.846,200,western,contracted,T3,0.78,https://ir.applieddigital.com/news-events/press-releases/detail/128/applied-digital-finalizes-additional-150mw-lease-with,Applied Digital,2026-04-01,2026-04-22,applied_digital_pf2_leased_capacity,0.0,none,True,True,True,True,PF2 hyperscaler lease plus secured financing; PF1 excluded as CoreWeave overlap.,153.846,153.846,200,200,primary_announcement,primary_company,current_verified,,,,
together_operational_inferred,Together AI,merchant,"Maryland, Memphis, Sweden operational footprint",65,IT,1.25,65,81.25,western,inferred,T6,0.5,https://www.together.ai/blog/together-ai-expands-in-europe,Together AI / Sacra,2026-04-23,2026-04-25,together_operational_inferred,0.0,none,True,True,False,True,Operational MW inferred from GPU/site footprint; T6 in tier rollup.,65,65,81.25,81.25,primary_plus_secondary,secondary_mw,waived_current_best_available,Official GPU/capacity disclosure refreshed on 2026-04-25; row remains GPU-count inferred and is flagged in Appendix B.,MW inferred from GPU count/site footprint; no direct MW disclosure.,,
together_contracted_private_capacity,Together AI,merchant + inference customers,North America secured capacity,200,IT,1.25,200,250,western,contracted,T4,0.45,https://www.together.ai/blog/together-ai-expands-in-europe,Together AI / Sacra,2026-04-23,2026-04-25,together_contracted_private_capacity,0.0,none,True,True,False,True,Private-company contracted capacity; T4 because source support and MW conversion are weaker than public RPO evidence.,200,200,250,250,primary_plus_secondary,secondary_mw,waived_current_best_available,Official GPU/capacity disclosure refreshed on 2026-04-25; row remains GPU-count inferred and is flagged in Appendix B.,,,
voltage_park_lightning_inferred,Voltage Park / Lightning,merchant,Six-site US GPU cloud footprint,135,IT,1.25,135,168.75,western,inferred,T6,0.6,https://www.voltagepark.com/blog/lightning-ai-voltage-park-merger-to-create-the-first-cloud-built-for-ai,BusinessWire / Voltage Park,2026-02-06,2026-04-25,voltage_park_lightning_inferred,0.0,none,True,True,False,True,MW inferred from roughly 35k GPU footprint across six sites; no direct MW disclosure.,135,135,168.75,168.75,primary_announcement,primary_company_but_mw_inferred,waived_current_best_available,Official merger disclosure refreshed on 2026-04-25; no newer primary capacity disclosure found as of 2026-04-25.,"GPU-count-to-IT-MW estimate from 35k GPU footprint, converted to facility at PUE 1.25.",,
fluidstack_anthropic_undisclosed_mw,Fluidstack,Anthropic,Anthropic Fluidstack TX/NY JV outside Epoch Lake Mariner,,unknown,1.25,,,western,contracted,T5,0.4,https://www.anthropic.com/news/anthropic-invests-50-billion-in-american-ai-infrastructure,Anthropic / Fluidstack,2025-11-12,2026-04-25,fluidstack_anthropic_undisclosed_mw,0.0,none,False,False,False,False,No disclosed MW for full Anthropic/Fluidstack JV; Lake Mariner overlap counted in Epoch and dollar envelope excluded from physical totals.,,,,,primary_announcement,primary_company,waived_excluded_from_denominator,Zero-contribution rollup excluded from Western denominator; Anthropic dollar-only row carries the primary source.,,No direct MW disclosure; no dollar-to-MW conversion used.,
fermi_speculative_excluded_or_T5_only,Fermi America,undisclosed,Project Matador Amarillo permit envelope,,unknown,1.4,,,excluded,speculative,T5,0.1,https://www.datacenterdynamics.com/en/news/fermi-secures-natural-gas-pipeline-connection-for-up-to-11gw-data-center-project-in-amarillo-texas/,DCD,2025-12-18,2026-04-22,fermi_speculative_excluded_or_T5_only,0.0,none,False,False,False,False,11-17 GW permit aspiration has no customer contract and no operational MW; excluded from Western denominator.,,,,,secondary_media,secondary_only,current_verified,,,Permit aspiration only; no defensible included MW atom.,
microsoft_g42_uae_khazna,Khazna Data Centers / G42,Microsoft Azure sovereign cloud,UAE Khazna Microsoft-G42 expansion,200,IT,1.3,200,260,sovereign,announced,T4,0.7,https://news.microsoft.com/source/emea/2025/11/microsoft-and-g42-accelerate-uaes-digital-future-with-major-data-centre-expansion/,Microsoft,2025-11-01,2026-04-22,microsoft_g42_uae_khazna,0.0,none,False,False,False,False,"Sovereign UAE capacity; sidebar only, not Western denominator.",200,200,260,260,primary_announcement,primary_company,current_verified,,,,
xai_humain_saudi,HUMAIN,xAI,Saudi HUMAIN xAI data center,500,facility,1.35,370.37,500,sovereign,announced,T4,0.55,https://www.datacenterdynamics.com/en/news/xai-humain-data-center-elon-musk/,Data Center Dynamics / CNBC,2025-05-14,2026-04-22,xai_humain_saudi,0.0,none,False,False,False,False,"Saudi sovereign JV; sidebar only, not Western denominator.",296.296,444.444,400,600,secondary_media,secondary_only,current_verified,,,,
humain_amd_saudi,HUMAIN / AMD,Saudi sovereign + merchant,Riyadh/Dammam AMD-HUMAIN JV,500,facility,1.35,370.37,500,sovereign,announced,T4,0.55,https://www.datacenterdynamics.com/en/news/amd-cisco-and-humain-set-up-jv-for-1gw-of-ai-infrastructure-in-saudi-arabia/,AMD / DCD,2025-05-14,2026-04-22,humain_amd_saudi,0.0,none,False,False,False,False,"Saudi AMD-HUMAIN sovereign JV; sidebar only, not Western denominator.",222.222,518.519,300,700,primary_plus_secondary,primary_company,current_verified,,,,
reliance_jio_jamnagar,Reliance Industries / Jio,Reliance-owned + Indian enterprise,Jamnagar Gujarat AI data center,1000,facility,1.4,714.286,1000,sovereign,speculative,T5,0.2,https://www.businesstoday.in/latest/corporate/story/ril-agm-2024-jamnagar-to-get-gigawatt-scale-ai-ready-data-centre-powered-by-reliance-green-energy-443516-2024-08-29,BusinessToday citing RIL AGM,2024-08-29,2026-04-22,reliance_jio_jamnagar,0.0,none,False,False,False,False,"India sovereign/strategic capacity; sidebar only, not Western denominator.",85.714,2142.857,120,3000,secondary_media,secondary_only,current_verified,,,,
uk_culham_ai_growth_zone,UK Government / UKAEA,UK sovereign + TBD tenant,Culham AI Growth Zone,250,IT,1.2,250,300,sovereign,speculative,T5,0.3,https://www.gov.uk/government/publications/ai-opportunities-action-plan,UK Government,2025-01-13,2026-04-22,uk_culham_ai_growth_zone,0.0,none,False,False,False,False,"UK sovereign AI Growth Zone; sidebar only, not Western denominator.",100,500,120,600,government_publication,primary_government,current_verified,,,,
