url,final_url,status,status_class,redirected,title,reference_count,source_files
https://about.bnef.com/insights/commodities/ai-data-center-build-advances-at-full-speed-five-things-to-know/,https://about.bnef.com/insights/commodities/ai-data-center-build-advances-at-full-speed-five-things-to-know/,200,verified_ok,False,AI Data Center Build Advances at Full Speed: Five Things to Know | BloombergNEF,1,forecaster_capex_comparison.yaml
https://about.fb.com/news/2025/10/meta-blue-owl-capital-develop-hyperion-data-center/,https://about.fb.com/news/2025/10/meta-blue-owl-capital-develop-hyperion-data-center/,200,verified_ok,False,Meta Announces Joint Venture With Funds Managed by Blue Owl Capital to Develop Hyperion Data Center,2,report.tex
https://atb.nrel.gov/electricity/2024/utility-scale_battery_storage,https://atb.nrel.gov/electricity/2024/utility-scale_battery_storage,200,verified_ok,False,Utility-Scale Battery Storage | Electricity | 2024 | ATB | NLR,1,anatomy_layer_costs.yaml
https://blog.google/company-news/inside-google/around-the-globe/google-europe/united-kingdom/waltham-cross-data-centre/,https://blog.google/company-news/inside-google/around-the-globe/google-europe/united-kingdom/waltham-cross-data-centre/,200,verified_ok,False,"Our new Waltham Cross data center is part of our two-year, £5 billion investment to help power the UK’s AI economy.",1,compute_commitments_overlay.yaml
https://blogs.microsoft.com/blog/2025/09/18/inside-the-worlds-most-powerful-ai-datacenter/,https://blogs.microsoft.com/blog/2025/09/18/inside-the-worlds-most-powerful-ai-datacenter/,200,verified_ok,False,Inside the world’s most powerful AI datacenter - The Official Microsoft Blog,6,anatomy_layer_costs.yaml;canonical_capacity_atoms.yaml;compute_commitments_overlay.yaml;report.tex
https://blogs.microsoft.com/blog/2025/11/18/microsoft-nvidia-and-anthropic-announce-strategic-partnerships/,https://blogs.microsoft.com/blog/2025/11/18/microsoft-nvidia-and-anthropic-announce-strategic-partnerships/,200,verified_ok,False,"Microsoft, NVIDIA and Anthropic announce strategic partnerships - The Official Microsoft Blog",2,canonical_capacity_atoms.yaml;compute_commitments_overlay.yaml
https://cloud.google.com/blog/products/compute,https://cloud.google.com/blog/products/compute,200,verified_ok,False,Compute | Google Cloud Blog,1,report.tex
https://datacenters.atmeta.com/richland-parish-data-center/,https://datacenters.atmeta.com/richland-parish-data-center/,200,verified_ok,False,The largest Meta data center yet brings big impact to Louisiana - Meta Data Centers,1,compute_commitments_overlay.yaml
https://datacentremagazine.com/articles/the-role-of-steel-in-todays-data-centre-industry,https://datacentremagazine.com/articles/the-role-of-steel-in-todays-data-centre-industry,403,blocked_manual_review,False,,1,anatomy_layer_costs.yaml
https://deepfundamental.substack.com/p/deep-dive-liquid-cooling,https://deepfundamental.substack.com/p/deep-dive-liquid-cooling,200,verified_ok,False,Deep Dive: Liquid Cooling - by Patrick Zhou,1,anatomy_layer_costs.yaml
https://emp.lbl.gov/publications/interconnection-cost-analysis-pjm,https://emp.lbl.gov/publications/interconnection-cost-analysis-pjm,403,blocked_manual_review,False,,1,anatomy_layer_costs.yaml
https://emp.lbl.gov/publications/queued-2025-edition-characteristics,https://emp.lbl.gov/publications/queued-2025-edition-characteristics,403,blocked_manual_review,False,,1,anatomy_layer_costs.yaml
https://epoch.ai/blog/introducing-the-frontier-data-centers-hub/,https://epoch.ai/blog/introducing-the-frontier-data-centers-hub,200,verified_ok,False,Introducing the Frontier Data Centers Hub | Epoch AI,2,forecaster_capex_comparison.yaml;report.tex
https://epoch.ai/data/data-centers,https://epoch.ai/data/data-centers,200,verified_ok,False,Frontier Data Centers | Epoch AI,54,canonical_capacity_atoms.yaml;facts_extract.yaml;report.tex
https://epoch.ai/data/data-centers-documentation,https://epoch.ai/data/data-centers-documentation,200,verified_ok,False,Frontier Data Centers Documentation | Epoch AI,2,report.tex
https://eta-publications.lbl.gov/sites/default/files/2024-12/lbnl-2024-united-states-data-center-energy-usage-report_1.pdf,https://eta-publications.lbl.gov/sites/default/files/2024-12/lbnl-2024-united-states-data-center-energy-usage-report_1.pdf,200,verified_ok,False,,1,forecaster_capex_comparison.yaml
https://finance.yahoo.com/news/nvidias-jensen-math-50-billion-033104538.html,https://finance.yahoo.com/news/nvidias-jensen-math-50-billion-033104538.html,200,verified_ok,False,Nvidia's 'Jensen Math' Of $50 Billion Revenue Per GW Gets A Reality Check: Here's What Barclays Analysts Project For NVDA,1,forecaster_capex_comparison.yaml
https://gasturbineworld.com/capital-costs/,https://gasturbineworld.com/capital-costs/,200,verified_ok,False,How much does it cost to build a gas power plant? - Gas Turbine World,1,anatomy_layer_costs.yaml
https://gridlab.org/wp-content/uploads/2025/09/GridLab_Gas-Turbine-Costs-Report-1.pdf,https://gridlab.org/wp-content/uploads/2025/09/GridLab_Gas-Turbine-Costs-Report-1.pdf,200,verified_ok,False,,1,anatomy_layer_costs.yaml
https://investor.fb.com/,https://investor.fb.com/,403,blocked_manual_review,False,,1,report.tex
https://ir.aboutamazon.com/,https://ir.aboutamazon.com/,403,blocked_manual_review,False,,1,report.tex
https://ir.applieddigital.com/news-events/press-releases/detail/128/applied-digital-finalizes-additional-150mw-lease-with,https://ir.applieddigital.com/news-events/press-releases/detail/128/applied-digital-finalizes-additional-150mw-lease-with,200,verified_ok,False,Applied Digital Finalizes Additional 150MW Lease with CoreWeave in North Dakota :: Applied Digital Corporation (APLD),3,canonical_capacity_atoms.yaml;neocloud_overlay.yaml
https://ir.applieddigital.com/news-events/press-releases/detail/132/applied-digital-announces-5-billion-ai-factory-lease-with,https://ir.applieddigital.com/news-events/press-releases/detail/132/applied-digital-announces-5-billion-ai-factory-lease-with,200,verified_ok,False,Applied Digital Announces $5 Billion AI Factory Lease with U.S. Based Investment Grade Hyperscaler at Polaris Forge 2 ND Campus :: Applied Digital Corporation (APLD),1,neocloud_overlay.yaml
https://lambda.ai/blog/lambda-raises-over-1.5b-from-twg-global-usit-to-build-superintelligence-cloud-infrastructure,https://lambda.ai/blog/lambda-raises-over-1.5b-from-twg-global-usit-to-build-superintelligence-cloud-infrastructure,200,verified_ok,False,"Lambda Raises Over $1.5B from TWG Global, USIT to Build Superintelligence Cloud Infrastructure",2,canonical_capacity_atoms.yaml
https://namcatlanta.org/2024/05/31/microsoft-grabs-another-160-acres-south-of-atlanta-for-data-centers/,https://namcatlanta.org/2024/05/31/microsoft-grabs-another-160-acres-south-of-atlanta-for-data-centers/,200,verified_ok,False,Microsoft grabs another 160 acres south of Atlanta for data centers | NAMC Greater Atlanta,1,anatomy_layer_costs.yaml
https://nebius.com/newsroom/nebius-signs-new-ai-infrastructure-agreement-with-meta,https://nebius.com/newsroom/nebius-signs-new-ai-infrastructure-agreement-with-meta,200,verified_ok,False,Nebius signs new AI infrastructure agreement with Meta; deal to accelerate growth of Nebius’s core business in AI cloud,7,canonical_capacity_atoms.yaml;compute_commitments_overlay.yaml;neocloud_overlay.yaml;report.tex
https://news.microsoft.com/source/emea/2025/11/microsoft-and-g42-accelerate-uaes-digital-future-with-major-data-centre-expansion/,https://news.microsoft.com/source/emea/2025/11/microsoft-and-g42-accelerate-uaes-digital-future-with-major-data-centre-expansion/,200,verified_ok,False,Microsoft and G42 Accelerate UAE’s Digital Future with Major Data Centre Expansion  - Source EMEA,3,canonical_capacity_atoms.yaml;compute_commitments_overlay.yaml;facts_extract.yaml
https://newsletter.semianalysis.com/p/co-packaged-optics-cpo-book-scaling,https://newsletter.semianalysis.com/p/co-packaged-optics-cpo-book-scaling,200,verified_ok,False,Co Packaged Optics (CPO) – Scaling with Light for the Next Wave of Interconnect,2,anatomy_layer_costs.yaml
https://northernvirginiamag.com/news/2025/11/04/amazon-buys-northern-virginia-data-center-site-for-record-700-million/,https://northernvirginiamag.com/news/2025/11/04/amazon-buys-northern-virginia-data-center-site-for-record-700-million/,200,verified_ok,False,Amazon Buys Bristow Data Center Site for Record $700 Million,1,anatomy_layer_costs.yaml
https://nvidianews.nvidia.com/news/nvidia-announces-financial-results-for-fourth-quarter-and-fiscal-2025,https://nvidianews.nvidia.com/news/nvidia-announces-financial-results-for-fourth-quarter-and-fiscal-2025,200,verified_ok,False,NVIDIA Announces Financial Results for Fourth Quarter and Fiscal 2025 | NVIDIA Newsroom,1,forecaster_capex_comparison.yaml
https://nvidianews.nvidia.com/news/nvidia-openai-partnership,https://nvidianews.nvidia.com/news/nvidia-openai-partnership,200,verified_ok,False,News Archive | NVIDIA Newsroom,1,report.tex
https://nvidianews.nvidia.com/news/openai-and-nvidia-announce-strategic-partnership-to-deploy-10gw-of-nvidia-systems,https://nvidianews.nvidia.com/news/openai-and-nvidia-announce-strategic-partnership-to-deploy-10gw-of-nvidia-systems,200,verified_ok,False,OpenAI and NVIDIA Announce Strategic Partnership to Deploy 10 Gigawatts of NVIDIA Systems | NVIDIA Newsroom,1,compute_commitments_overlay.yaml
https://openai.com/index/announcing-the-stargate-project,https://openai.com/index/announcing-the-stargate-project,403,blocked_manual_review,False,,3,report.tex
https://openai.com/index/announcing-the-stargate-project/,https://openai.com/index/announcing-the-stargate-project/,403,blocked_manual_review,False,,1,compute_commitments_overlay.yaml
https://openai.com/index/five-new-stargate-sites/,https://openai.com/index/five-new-stargate-sites/,403,blocked_manual_review,False,,3,compute_commitments_overlay.yaml;report.tex
https://openai.com/index/introducing-stargate-uae/,https://openai.com/index/introducing-stargate-uae/,403,blocked_manual_review,False,,1,compute_commitments_overlay.yaml
https://openai.com/index/openai-amd-strategic-partnership/,https://openai.com/index/openai-amd-strategic-partnership/,403,blocked_manual_review,False,,2,compute_commitments_overlay.yaml;report.tex
https://openai.com/index/openai-and-broadcom-announce-strategic-collaboration/,https://openai.com/index/openai-and-broadcom-announce-strategic-collaboration/,403,blocked_manual_review,False,,1,compute_commitments_overlay.yaml
https://openai.com/index/stargate-advances-with-partnership-with-oracle/,https://openai.com/index/stargate-advances-with-partnership-with-oracle/,403,blocked_manual_review,False,,1,compute_commitments_overlay.yaml
https://reports.turnerandtownsend.com/data-centre-construction-cost-index-2025/data-centre-cost-trends,https://reports.turnerandtownsend.com/data-centre-construction-cost-index-2025/data-centre-cost-trends,200,verified_ok,False,Data centre cost trends - Data centre construction cost index 2025,1,anatomy_layer_costs.yaml
https://rilstaticasset.akamaized.net/sites/default/files/2024-08/Chairmans-statement-delievered-at-47th-AGM.pdf,https://www.ril.com/sites/default/files/2024-08/Chairmans-statement-delievered-at-47th-AGM.pdf,200,redirected_verified,True,,1,facts_extract.yaml
https://sacra.com/c/together-ai/,https://sacra.com/c/together-ai/,200,verified_ok,False,"Together AI revenue, valuation & funding | Sacra",1,neocloud_overlay.yaml
https://seekingalpha.com/article/4890719-vertiv-holdings-the-15-billion-backlog-liquid-cooling-dominance-and-the-ai-infrastructure-trade-wall-street-is-still-underpricing,https://seekingalpha.com/article/4890719-vertiv-holdings-the-15-billion-backlog-liquid-cooling-dominance-and-the-ai-infrastructure-trade-wall-street-is-still-underpricing,403,blocked_manual_review,False,,1,anatomy_layer_costs.yaml
https://siliconangle.com/2025/10/15/nscale-inks-200000-gpu-data-center-contract-microsoft/,https://siliconangle.com/2025/10/15/nscale-inks-200000-gpu-data-center-contract-microsoft/,200,verified_ok,False,"Nscale inks 200,000-GPU data center contract with Microsoft - SiliconANGLE",4,canonical_capacity_atoms.yaml;neocloud_overlay.yaml
https://siliconangle.com/2025/11/18/ai-cloud-operator-lambda-raises-1-5b-build-data-centers/,https://siliconangle.com/2025/11/18/ai-cloud-operator-lambda-raises-1-5b-build-data-centers/,200,verified_ok,False,AI cloud operator Lambda raises $1.5B+ to build data centers - SiliconANGLE,1,neocloud_overlay.yaml
https://situational-awareness.ai/racing-to-the-trillion-dollar-cluster/,https://situational-awareness.ai/racing-to-the-trillion-dollar-cluster/,200,verified_ok,False,IIIa. Racing to the Trillion-Dollar Cluster - SITUATIONAL AWARENESS,1,forecaster_capex_comparison.yaml
https://techcrunch.com/2026/02/19/reliance-unveils-110b-ai-investment-plan-as-india-ramps-up-tech-ambitions/,https://techcrunch.com/2026/02/19/reliance-unveils-110b-ai-investment-plan-as-india-ramps-up-tech-ambitions/,200,verified_ok,False,Reliance unveils $110B AI investment plan as India ramps up tech ambitions | TechCrunch,1,compute_commitments_overlay.yaml
https://urbanmilwaukee.com/2024/07/30/microsoft-buys-more-land-in-mount-pleasant-for-data-center/,https://urbanmilwaukee.com/2024/07/30/microsoft-buys-more-land-in-mount-pleasant-for-data-center/,200,verified_ok,False,Microsoft Buys More Land in Mount Pleasant For Data Center    » Urban Milwaukee,1,anatomy_layer_costs.yaml
https://www.aboutamazon.com/news/aws/aws-open-ai-workloads-compute-infrastructure,https://www.aboutamazon.com/news/aws/aws-open-ai-workloads-compute-infrastructure,200,verified_ok,False,AWS and OpenAI announce multi-year strategic partnership,1,compute_commitments_overlay.yaml
https://www.aboutamazon.com/news/company-news/amazon-invests-additional-5-billion-anthropic-ai,https://www.aboutamazon.com/news/company-news/amazon-invests-additional-5-billion-anthropic-ai,200,verified_ok,False,Amazon and Anthropic expand strategic collaboration,3,compute_commitments_overlay.yaml;facts_extract.yaml;report.tex
https://www.amd.com/en/newsroom/press-releases/2025-10-6-amd-and-openai-announce-strategic-partnership-to-d.html,https://www.amd.com/en/newsroom/press-releases/2025-10-6-amd-and-openai-announce-strategic-partnership-to-d.html,200,verified_ok,False,AMD and OpenAI Announce Strategic Partnership to Deploy 6 Gigawatts of AMD GPUs,3,compute_commitments_overlay.yaml;facts_extract.yaml;report.tex
https://www.amd.com/en/newsroom/press-releases/2025-5-13-amd-and-humain-form-strategic--10b-collaboration-.html,https://www.amd.com/en/newsroom/press-releases/2025-5-13-amd-and-humain-form-strategic--10b-collaboration-.html,200,verified_ok,False,"AMD and HUMAIN Form Strategic, $10B Collaboration to Advance Global AI",2,compute_commitments_overlay.yaml;facts_extract.yaml
https://www.amphenol-cs.com/connectors/copper/paladin,https://www.amphenol-cs.com/connectors/copper/paladin,403,blocked_manual_review,False,,1,anatomy_layer_costs.yaml
https://www.anthropic.com/news/anthropic-amazon-compute,https://www.anthropic.com/news/anthropic-amazon-compute,200,verified_ok,False,Anthropic and Amazon expand collaboration for up to 5 gigawatts of new compute \ Anthropic,6,canonical_capacity_atoms.yaml;compute_commitments_overlay.yaml;facts_extract.yaml;report.tex
https://www.anthropic.com/news/anthropic-invests-50-billion-in-american-ai-infrastructure,https://www.anthropic.com/news/anthropic-invests-50-billion-in-american-ai-infrastructure,200,verified_ok,False,Anthropic invests $50 billion in American AI infrastructure \ Anthropic,3,canonical_capacity_atoms.yaml;compute_commitments_overlay.yaml
https://www.anthropic.com/news/expanding-our-use-of-google-cloud-tpus-and-services,https://www.anthropic.com/news/expanding-our-use-of-google-cloud-tpus-and-services,200,verified_ok,False,Expanding our use of Google Cloud TPUs and Services \ Anthropic,4,compute_commitments_overlay.yaml;facts_extract.yaml;report.tex
https://www.anthropic.com/news/google-broadcom-partnership-compute,https://www.anthropic.com/news/google-broadcom-partnership-compute,200,verified_ok,False,Anthropic expands partnership with Google and Broadcom for multiple gigawatts of next-generation compute \ Anthropic,1,compute_commitments_overlay.yaml
https://www.bain.com/insights/how-can-we-meet-ais-insatiable-demand-for-compute-power-technology-report-2025/,https://www.bain.com/insights/how-can-we-meet-ais-insatiable-demand-for-compute-power-technology-report-2025/,403,blocked_manual_review,False,,1,forecaster_capex_comparison.yaml
https://www.businesstoday.in/latest/corporate/story/ril-agm-2024-jamnagar-to-get-gigawatt-scale-ai-ready-data-centre-powered-by-reliance-green-energy-443516-2024-08-29,https://www.businesstoday.in/technology/news/story/ril-agm-2024-jamnagar-to-get-gigawatt-scale-ai-ready-data-centre-powered-by-reliance-green-energy-443516-2024-08-29,200,redirected_verified,True,RIL AGM 2024: Jamnagar to get Gigawatt scale AI ready data centre powered by Reliance Green Energy - BusinessToday,2,canonical_capacity_atoms.yaml;compute_commitments_overlay.yaml
https://www.ciena.com/products/wavelogic/wavelogic-6,https://www.ciena.com/products/wavelogic/wavelogic-6,200,verified_ok,False,"Imagine innovating at the speed of 1.6 Tb/s. Now, you can. | Economics, sustainability, ease of adoption - Ciena",1,anatomy_layer_costs.yaml
https://www.cnbc.com/2025/11/19/musks-xai-will-be-customer-for-nvidia-data-center-in-saudi-arabia.html,https://www.cnbc.com/2025/11/19/musks-xai-will-be-customer-for-nvidia-data-center-in-saudi-arabia.html,200,verified_ok,False,,1,compute_commitments_overlay.yaml
https://www.constellationenergy.com/news/2024/Constellation-to-Launch-Crane-Clean-Energy-Center-Restoring-Jobs-and-Carbon-Free-Power-to-The-Grid.html,https://www.constellationenergy.com/news/2024/Constellation-to-Launch-Crane-Clean-Energy-Center-Restoring-Jobs-and-Carbon-Free-Power-to-The-Grid.html,200,verified_ok,False,"Constellation to Launch Crane Clean Energy Center, Restoring Jobs and Carbon-Free Power to The Grid",1,report.tex
https://www.constructelements.com/post/cost-to-build-modern-data-center-2026,https://www.constructelements.com/post/cost-to-build-modern-data-center-2026,200,verified_ok,False,Cost to Build a Modern Data Center in 2026 Explained,2,anatomy_layer_costs.yaml
https://www.coreweave.com/news,https://www.coreweave.com/newsroom,200,redirected_verified,True,News and Press Releases | CoreWeave,1,report.tex
https://www.crusoe.ai/resources/newsroom/crusoe-announces-new-900-mw-ai-factory-campus-in-abilene-texas-to-support-microsoft-ai-infrastructure,https://www.crusoe.ai/resources/newsroom/crusoe-announces-new-900-mw-ai-factory-campus-in-abilene-texas-to-support-microsoft-ai-infrastructure,200,verified_ok,False,"Crusoe Announces New 900 MW AI Factory Campus in Abilene, Texas to Support Microsoft AI Infrastructure",4,canonical_capacity_atoms.yaml;neocloud_overlay.yaml
https://www.crusoe.ai/resources/newsroom/crusoe-expands-ai-data-center-campus-in-abilene-to-1-2-gigawatts,https://www.crusoe.ai/resources/newsroom/crusoe-expands-ai-data-center-campus-in-abilene-to-1-2-gigawatts,200,verified_ok,False,Crusoe expands AI data center campus in Abilene to 1.2 gigawatts,1,report.tex
https://www.crusoe.ai/resources/newsroom/ge-vernova-and-crusoe-announce-major-29-unit-gas-turbine-deal,https://www.crusoe.ai/resources/newsroom/ge-vernova-and-crusoe-announce-major-29-unit-gas-turbine-deal,200,verified_ok,False,GE Vernova and Crusoe announce major 29-unit aeroderivative gas turbine deal to deliver power to AI data centers,1,anatomy_layer_costs.yaml
https://www.cummins.com/generators/diesel,https://www.cummins.com/es-la/generators/diesel,403,blocked_manual_review,False,,1,anatomy_layer_costs.yaml
https://www.cushmanwakefield.com/en/united-states/insights/data-center-development-cost-guide,https://www.cushmanwakefield.com/en/united-states/insights/data-center-development-cost-guide,200,verified_ok,False,U.S. Data Center Development Cost Guide | US | Cushman & Wakefield,4,anatomy_layer_costs.yaml;forecaster_capex_comparison.yaml
https://www.datacenterdynamics.com/en/news/amd-cisco-and-humain-set-up-jv-for-1gw-of-ai-infrastructure-in-saudi-arabia/,https://www.datacenterdynamics.com/en/news/amd-cisco-and-humain-set-up-jv-for-1gw-of-ai-infrastructure-in-saudi-arabia/,403,blocked_manual_review,False,,2,canonical_capacity_atoms.yaml;compute_commitments_overlay.yaml
https://www.datacenterdynamics.com/en/news/ashrae-publishes-liquid-cooling-guidelines-as-chip-power-moves-into-uncharted-territory/,https://www.datacenterdynamics.com/en/news/ashrae-publishes-liquid-cooling-guidelines-as-chip-power-moves-into-uncharted-territory/,403,blocked_manual_review,False,,1,anatomy_layer_costs.yaml
https://www.datacenterdynamics.com/en/news/coreweave-aims-to-add-5gw-more-data-center-capacity-by-2030-anticipates-capex-in-2026-to-double/,https://www.datacenterdynamics.com/en/news/coreweave-aims-to-add-5gw-more-data-center-capacity-by-2030-anticipates-capex-in-2026-to-double/,403,blocked_manual_review,False,,2,forecaster_capex_comparison.yaml;neocloud_overlay.yaml
https://www.datacenterdynamics.com/en/news/crusoe-gets-go-ahead-for-18gw-data-center-campus-and-power-plant-in-cheyenne-wyoming/,https://www.datacenterdynamics.com/en/news/crusoe-gets-go-ahead-for-18gw-data-center-campus-and-power-plant-in-cheyenne-wyoming/,403,blocked_manual_review,False,,1,neocloud_overlay.yaml
https://www.datacenterdynamics.com/en/news/dominion-to-build-new-high-voltage-lines-to-supply-proposed-900mw-data-center-in-chesterfield-county-virginia/,https://www.datacenterdynamics.com/en/news/dominion-to-build-new-high-voltage-lines-to-supply-proposed-900mw-data-center-in-chesterfield-county-virginia/,403,blocked_manual_review,False,,1,anatomy_layer_costs.yaml
https://www.datacenterdynamics.com/en/news/fermi-secures-natural-gas-pipeline-connection-for-up-to-11gw-data-center-project-in-amarillo-texas/,https://www.datacenterdynamics.com/en/news/fermi-secures-natural-gas-pipeline-connection-for-up-to-11gw-data-center-project-in-amarillo-texas/,403,blocked_manual_review,False,,2,canonical_capacity_atoms.yaml;neocloud_overlay.yaml
https://www.datacenterdynamics.com/en/news/groq-1-5-billion-commitment-saudi-arabia/,https://www.datacenterdynamics.com/en/news/groq-1-5-billion-commitment-saudi-arabia/,403,blocked_manual_review,False,,1,compute_commitments_overlay.yaml
https://www.datacenterdynamics.com/en/news/jpmorgan-global-data-center-and-ai-infra-spend-to-hit-5-trillion-demand-for-compute-remains-astronomical/,https://www.datacenterdynamics.com/en/news/jpmorgan-global-data-center-and-ai-infra-spend-to-hit-5-trillion-demand-for-compute-remains-astronomical/,403,blocked_manual_review,False,,1,forecaster_capex_comparison.yaml
https://www.datacenterdynamics.com/en/news/microsoft-signs-multi-billion-dollar-cloud-capacity-deal-with-lambda/,https://www.datacenterdynamics.com/en/news/microsoft-signs-multi-billion-dollar-cloud-capacity-deal-with-lambda/,403,blocked_manual_review,False,,1,neocloud_overlay.yaml
https://www.datacenterdynamics.com/en/news/nebius-increases-projected-capex-for-2025-to-2bn/,https://www.datacenterdynamics.com/en/news/nebius-increases-projected-capex-for-2025-to-2bn/,403,blocked_manual_review,False,,1,forecaster_capex_comparison.yaml
https://www.datacenterdynamics.com/en/news/nebius-signs-3bn-deal-with-meta-says-current-available-capacity-is-sold-out-as-it-targets-25gw-by-end-of-2026/,https://www.datacenterdynamics.com/en/news/nebius-signs-3bn-deal-with-meta-says-current-available-capacity-is-sold-out-as-it-targets-25gw-by-end-of-2026/,403,blocked_manual_review,False,,1,neocloud_overlay.yaml
https://www.datacenterdynamics.com/en/news/uk-microsoft-plans-25bn-investment-in-ai-data-centers/,https://www.datacenterdynamics.com/en/news/uk-microsoft-plans-25bn-investment-in-ai-data-centers/,403,blocked_manual_review,False,,1,compute_commitments_overlay.yaml
https://www.datacenterdynamics.com/en/news/xai-humain-data-center-elon-musk/,https://www.datacenterdynamics.com/en/news/xai-humain-data-center-elon-musk/,403,blocked_manual_review,False,,2,canonical_capacity_atoms.yaml;compute_commitments_overlay.yaml
https://www.delloro.com/news/data-center-capex-to-surpass-1-trillion-by-2029/,https://www.delloro.com/news/data-center-capex-to-surpass-1-trillion-by-2029/,200,verified_ok,False,"Data Center Capex to Surpass $1 Trillion by 2029, According to Dell’Oro Group - Dell'Oro Group",1,forecaster_capex_comparison.yaml
https://www.delloro.com/news/data-center-physical-infrastructure-market-reaches-10-9-billion-in-4q-2025-up-20-percent-y-y/,https://www.delloro.com/news/data-center-physical-infrastructure-market-reaches-10-9-billion-in-4q-2025-up-20-percent-y-y/,200,verified_ok,False,"Data Center Physical Infrastructure Market Reaches $10.9 Billion in 4Q 2025, Up 20 Percent Y/Y, According to Dell'Oro Group - Dell'Oro Group",1,anatomy_layer_costs.yaml
https://www.delloro.com/news/data-center-switch-sales-in-ai-back-end-networks-to-exceed-100-b-over-the-next-five-years/,https://www.delloro.com/news/data-center-switch-sales-in-ai-back-end-networks-to-exceed-100-b-over-the-next-five-years/,200,verified_ok,False,"Data Center Switch Sales in AI Back-End Networks to Exceed $100 B Over the Next Five Years, According to Dell’Oro Group - Dell'Oro Group",1,anatomy_layer_costs.yaml
https://www.dominionenergy.com/,https://www.dominionenergy.com/,200,verified_ok,False,Home | Dominion Energy,1,report.tex
https://www.dpr.com/media/blog/digital-realty-tilt-up,https://www.dpr.com/media/blog/digital-realty-tilt-up,200,verified_ok,False,Tilt-Up Panels Enable Speed-to-Market at Digital… | DPR Construction,1,anatomy_layer_costs.yaml
https://www.energy.gov/cmei/femp/cooling-water-efficiency-opportunities-federal-data-centers,https://www.energy.gov/cmei/femp/cooling-water-efficiency-opportunities-federal-data-centers,200,verified_ok,False,Cooling Water Efficiency Opportunities for Federal Data Centers | Department of Energy,1,anatomy_layer_costs.yaml
https://www.energy.gov/sites/default/files/2024-10/EXEC-2022-001242%20-%20Large%20Power%20Transformer%20Resilience%20Report%20signed%20by%20Secretary%20Granholm%20on%207-10-24.pdf,https://www.energy.gov/sites/default/files/2024-10/EXEC-2022-001242%20-%20Large%20Power%20Transformer%20Resilience%20Report%20signed%20by%20Secretary%20Granholm%20on%207-10-24.pdf,200,verified_ok,False,,1,anatomy_layer_costs.yaml
https://www.ercot.com/,https://www.ercot.com/,200,verified_ok,False,Electric Reliability Council of Texas,1,report.tex
https://www.fluidstack.io/about-us/blog/fluidstack-selected-by-anthropic-to-deliver-custom-data-centers-in-the-us,https://www.fluidstack.io/about-us/blog/fluidstack-selected-by-anthropic-to-deliver-custom-data-centers-in-the-us,200,verified_ok,False,Fluidstack selected by Anthropic to deliver custom data centers in New York and Texas - Fluidstack: Leading AI Cloud Platform for Training and Inference,1,compute_commitments_overlay.yaml
https://www.fool.com/earnings/call-transcripts/2026/02/27/coreweave-crwv-q4-2025-earnings-call-transcript/,https://www.fool.com/earnings/call-transcripts/2026/02/27/coreweave-crwv-q4-2025-earnings-call-transcript/,200,verified_ok,False,CoreWeave (CRWV) Q4 2025 Earnings Call Transcript | The Motley Fool,1,neocloud_overlay.yaml
https://www.g42.ai/resources/news/microsoft-and-g42-accelerate-uaes-digital-future-major-data-centre-expansion,https://www.g42.ai/resources/news/microsoft-and-g42-accelerate-uaes-digital-future-major-data-centre-expansion,200,verified_ok,False,Microsoft and G42 Accelerate UAE’s Digital Future with Major Data Centre Expansion,1,compute_commitments_overlay.yaml
https://www.globaldatacenterhub.com/p/meta-blue-owls-27b-bet-is-this-the,https://www.globaldatacenterhub.com/p/meta-blue-owls-27b-bet-is-this-the,200,verified_ok,False,Meta + Blue Owl’s $27B Bet: Is This the US Blueprint for Financing AI Data Centers?,1,forecaster_capex_comparison.yaml
https://www.googlecloudpresscorner.com/2025-10-23-Anthropic-to-Expand-Use-of-Google-Cloud-TPUs-and-Services,https://www.googlecloudpresscorner.com/2025-10-23-Anthropic-to-Expand-Use-of-Google-Cloud-TPUs-and-Services,200,verified_ok,False,"Anthropic to Expand Use of Google Cloud TPUs and Services - Oct 23, 2025",3,compute_commitments_overlay.yaml;report.tex
https://www.googlecloudpresscorner.com/2026-04-06-Anthropic-Expands-Use-of-Google-Cloud-and-TPUs,https://www.googlecloudpresscorner.com/2026-04-06-Anthropic-Expands-Use-of-Google-Cloud-and-TPUs,200,verified_ok,False,"Anthropic Expands Use of Google Cloud and TPUs - Apr 6, 2026",3,compute_commitments_overlay.yaml;report.tex
https://www.googlecloudpresscorner.com/press-releases?l=50,https://www.googlecloudpresscorner.com/press-releases?l=50,200,verified_ok,False,Press Releases,1,compute_commitments_overlay.yaml
https://www.gov.uk/government/publications/ai-opportunities-action-plan,https://www.gov.uk/government/publications/ai-opportunities-action-plan,200,verified_ok,False,AI Opportunities Action Plan - GOV.UK,5,canonical_capacity_atoms.yaml;compute_commitments_overlay.yaml;facts_extract.yaml;report.tex
https://www.iea.org/reports/energy-and-ai/executive-summary,https://www.iea.org/reports/energy-and-ai/executive-summary,200,verified_ok,False,Executive summary – Energy and AI – Analysis - IEA,1,forecaster_capex_comparison.yaml
https://www.investing.com/news/stock-market-news/how-much-does-a-gw-of-data-center-capacity-actually-cost-4314046,https://www.investing.com/news/stock-market-news/how-much-does-a-gw-of-data-center-capacity-actually-cost-4314046,403,blocked_manual_review,False,,1,forecaster_capex_comparison.yaml
https://www.jll.com/en-us/insights/market-outlook/data-center-outlook,https://www.jll.com/en-us/insights/market-outlook/data-center-outlook,200,verified_ok,False,2026 Global Data Center Outlook,1,forecaster_capex_comparison.yaml
https://www.lneya-online.com/en/chiller-price-guide-2025-cost-breakdown-by-type-capacity-and-application.html,https://www.lneya-online.com/en/chiller-price-guide-2025-cost-breakdown-by-type-capacity-and-application.html,403,blocked_manual_review,False,,1,anatomy_layer_costs.yaml
https://www.loudounnow.com/business/data-center-sale-sets-new-loudoun-price-record/article_d392a250-e672-46c2-b2d2-f0ad3424a100.html,https://www.loudounnow.com/business/data-center-sale-sets-new-loudoun-price-record/article_d392a250-e672-46c2-b2d2-f0ad3424a100.html,200,verified_ok,False,Data Center Sale Sets New Loudoun Price Record | Business | loudounnow.com,1,anatomy_layer_costs.yaml
https://www.loudounnow.com/news/loudoun-land-data-center-values-soar-while-home-assessments-hold-steady/article_d7977ab6-f33b-4dc2-8203-d53bc9a8ebc4.html,https://www.loudounnow.com/news/loudoun-land-data-center-values-soar-while-home-assessments-hold-steady/article_d7977ab6-f33b-4dc2-8203-d53bc9a8ebc4.html,200,verified_ok,False,"Loudoun Land, Data Center Values Soar While Home Assessments Hold Steady | News | loudounnow.com",1,anatomy_layer_costs.yaml
https://www.madrona.com/the-infrastructure-of-intelligence-inside-crusoes-ai-factory-in-texas/,https://www.madrona.com/the-infrastructure-of-intelligence-inside-crusoes-ai-factory-in-texas/,200,verified_ok,False,The Infrastructure of Intelligence: Inside Crusoe’s AI Factory in Texas,1,report.tex
https://www.maginative.com/anthropic-secures-1m-google-tpus-while-keeping-amazon-as-primary-training-partner/,https://www.maginative.com/article/anthropic-secures-1m-google-tpus-while-keeping-amazon-as-primary-training-partner/,200,redirected_verified,True,Anthropic Secures 1M Google TPUs While Keeping Amazon as Primary Training Partner,1,facts_extract.yaml
https://www.microsoft.com/en-us/investor,https://www.microsoft.com/en-us/investor/default,200,redirected_verified,True,Home Page - Microsoft Investor Relations,1,report.tex
https://www.microsoft.com/en-us/microsoft-cloud/blog/2024/12/09/sustainable-by-design-next-generation-datacenters-consume-zero-water-for-cooling/,https://www.microsoft.com/en-us/microsoft-cloud/blog/2024/12/09/sustainable-by-design-next-generation-datacenters-consume-zero-water-for-cooling/,200,verified_ok,False,Sustainable by design: Next-generation datacenters consume zero water for cooling | The Microsoft Cloud Blog,1,anatomy_layer_costs.yaml
https://www.morganstanley.com/insights/articles/ai-market-trends-institute-2026,https://www.morganstanley.com/insights/articles/ai-market-trends-institute-2026,200,verified_ok,False,"AI Market Trends 2026: Global Investment, Risks, and Buildout | Morgan Stanley",1,forecaster_capex_comparison.yaml
https://www.nerc.com/globalassets/our-work/assessments/2024-ltra_corrected_july_2025.pdf,https://www.nerc.com/globalassets/our-work/assessments/2024-ltra_corrected_july_2025.pdf,200,verified_ok,False,,1,anatomy_layer_costs.yaml
https://www.nerc.com/globalassets/programs/rapa/pa/nerc_sor_2025_overview.pdf,https://www.nerc.com/globalassets/programs/rapa/pa/nerc_sor_2025_overview.pdf,200,verified_ok,False,,1,anatomy_layer_costs.yaml
https://www.nerc.com/globalassets/programs/rapa/ra/nerc_sra_2025.pdf,https://www.nerc.com/globalassets/programs/rapa/ra/nerc_sra_2025.pdf,200,verified_ok,False,,1,anatomy_layer_costs.yaml
https://www.nvidia.com/en-us/networking/quantum2/,https://www.nvidia.com/en-us/networking/quantum2/,200,verified_ok,False,Quantum-2 InfiniBand Platform | NVIDIA,1,anatomy_layer_costs.yaml
https://www.nvidia.com/gtc/,https://www.nvidia.com/gtc/,200,verified_ok,False,Best of NVIDIA GTC: AI Breakthroughs and Recommended Sessions | NVIDIA GTC,1,report.tex
https://www.phoenixmetrohomesearch.com/blog/global-data-center-giant-pays-300-million-for-land-in-east-valley,https://www.phoenixmetrohomesearch.com/blog/global-data-center-giant-pays-300-million-for-land-in-east-valley,200,verified_ok,False,NTT Pays $300M for Mesa Land – Arizona’s Data Center Boom Continues,1,anatomy_layer_costs.yaml
https://www.powermag.com/transformers-in-2026-shortage-scramble-or-self-inflicted-crisis/,https://www.powermag.com/transformers-in-2026-shortage-scramble-or-self-inflicted-crisis/,200,verified_ok,False,"Transformers in 2026: Shortage, Scramble, or Self-Inflicted Crisis?",2,anatomy_layer_costs.yaml;report.tex
https://www.reuters.com/technology/artificial-intelligence/reliance-110bn-ai-plan-2026/,https://www.reuters.com/technology/artificial-intelligence/reliance-110bn-ai-plan-2026/,401,blocked_manual_review,False,,1,facts_extract.yaml
https://www.ril.com/sites/default/files/2024-09/RIL-47th-AGM-Transcripts.pdf,https://www.ril.com/sites/default/files/2024-09/RIL-47th-AGM-Transcripts.pdf,200,verified_ok,False,,1,report.tex
https://www.se.com/us/en/about-us/newsroom/news/press-releases/schneider-electric-unveils-liquid-cooling-portfolio-with-motivair-featuring-dedicated-solutions-and-services-for-hpc-and-ai-workloads-68da975376d417f4a10de42c/,https://www.se.com/us/en/about-us/newsroom/news/press-releases/schneider-electric-unveils-liquid-cooling-portfolio-with-motivair-featuring-dedicated-solutions-and-services-for-hpc-and-ai-workloads-68da975376d417f4a10de42c/,403,blocked_manual_review,False,,1,anatomy_layer_costs.yaml
https://www.sec.gov/Archives/edgar/data/1839341/000162828026013305/core-20251231.htm,https://www.sec.gov/Archives/edgar/data/1839341/000162828026013305/core-20251231.htm,200,verified_ok,False,core-20251231,3,canonical_capacity_atoms.yaml
https://www.sec.gov/cgi-bin/browse-edgar,https://www.sec.gov/cgi-bin/browse-edgar,200,verified_ok,False,EDGAR Search Results,4,report.tex
https://www.srgresearch.com/articles/hyperscale-spending-spree-is-driving-dramatic-growth-in-data-center-capacity,https://www.srgresearch.com/articles/hyperscale-spending-spree-is-driving-dramatic-growth-in-data-center-capacity,200,verified_ok,False,Hyperscale Spending Spree is Driving Dramatic Growth in Data Center Capacity | Synergy Research Group,1,forecaster_capex_comparison.yaml
https://www.talenenergy.com/,https://www.talenenergy.com/,200,verified_ok,False,Homepage - Talen Energy,1,report.tex
https://www.together.ai/blog/together-ai-expands-in-europe,https://www.together.ai/blog/together-ai-expands-in-europe,200,verified_ok,False,"Bringing 100,000 GPUs to Europe",2,canonical_capacity_atoms.yaml
https://www.tomshardware.com/tech-industry/artificial-intelligence,https://www.tomshardware.com/tech-industry/artificial-intelligence,200,verified_ok,False,"Artificial intelligence, AI, and Machine Learning | Tom's Hardware",1,compute_commitments_overlay.yaml
https://www.tomshardware.com/tech-industry/artificial-intelligence/musk-purchases-third-building-at-memphis-site-to-expand-xais-training-capacity-to-a-monstrous-2-gigawatts-announcement-comes-days-after-musk-vows-to-have-more-ai-compute-than-everyone-else,https://www.tomshardware.com/tech-industry/artificial-intelligence/musk-purchases-third-building-at-memphis-site-to-expand-xais-training-capacity-to-a-monstrous-2-gigawatts-announcement-comes-days-after-musk-vows-to-have-more-ai-compute-than-everyone-else,200,verified_ok,False,Musk to expand xAI's training capacity to a monstrous 2 gigawatts with third building at Memphis site — announcement comes days after Musk vows to have 'more AI compute than everyone else' | Tom's Hardware,1,canonical_capacity_atoms.yaml
https://www.tomshardware.com/tech-industry/artificial-intelligence/price-of-nvidias-vera-rubin-nvl72-racks-skyrockets-to-as-much-as-usd8-8-million-apiece-but-server-makers-margins-will-be-tight-nvidia-is-moving-closer-to-shipping-entire-full-scale-systems,https://www.tomshardware.com/tech-industry/artificial-intelligence/price-of-nvidias-vera-rubin-nvl72-racks-skyrockets-to-as-much-as-usd8-8-million-apiece-but-server-makers-margins-will-be-tight-nvidia-is-moving-closer-to-shipping-entire-full-scale-systems,200,verified_ok,False,"Price of Nvidia's Vera Rubin NVL72 racks skyrockets to as much as $8.8 million apiece, but server makers' margins will be tight — Nvidia is moving closer to shipping entire full-scale systems | Tom's Hardware",1,anatomy_layer_costs.yaml
https://www.utilitydive.com/news/ge-vernova-gas-turbine-investor/807662/,https://www.utilitydive.com/news/ge-vernova-gas-turbine-investor/807662/,200,verified_ok,False,GE Vernova expects to end 2025 with an 80-GW gas turbine backlog that stretches into 2029 | Utility Dive,2,anatomy_layer_costs.yaml;report.tex
https://www.vertiv.com/en-emea/about/news-and-insights/news-releases/vertiv-codevelops-with-nvidia-complete-power-and-cooling-blueprint-for--nvidia-gb200-nvl72-platform/,https://www.vertiv.com/en-emea/about/news-and-insights/news-releases/vertiv-codevelops-with-nvidia-complete-power-and-cooling-blueprint-for--nvidia-gb200-nvl72-platform/,200,verified_ok,False,Vertiv codevelops with NVIDIA complete power and cooling blueprint for NVIDIA GB200 NVL72 platform,1,anatomy_layer_costs.yaml
https://www.voltagepark.com/blog/lightning-ai-voltage-park-merger-to-create-the-first-cloud-built-for-ai,https://www.voltagepark.com/blog/lightning-ai-voltage-park-merger-to-create-the-first-cloud-built-for-ai,200,verified_ok,False,Lightning AI and Voltage Park Complete Merger to Create the First Cloud Built for AI,2,canonical_capacity_atoms.yaml;neocloud_overlay.yaml
https://www.youtube.com/,https://www.youtube.com/,200,verified_ok,False,YouTube,1,compute_commitments_overlay.yaml
